<?xml version="1.0" encoding="utf-8"?>
<!--/17420291/1708810/2.50/4/2/Switch/-->
<quadcept_library>
  <setting unit="mil" />
  <textstyle name="Default" height="47.244094488189" strokewidth="7.8740157480315" charwidth="47.244094488189" />
  <textstyle name="Dimension" height="19.6850393700787" strokewidth="0" charwidth="19.6850393700787" />
  <textstyle name="H127W0635TH00762" height="50" strokewidth="3" charwidth="25" />
  <textstyle name="H15W15TH02" height="59.0551181102362" strokewidth="7.8740157480315" charwidth="59.0551181102362" />
  <padstyle name="r280_100" surface="True" plated="False" isvia="False" nopaste="False" nomask="True" complex="False" holesize="0">
    <padshape layer="TOP" shape="rectangle" width="39.370078740157" height="110.23622047244" />
    <padshape layer="TOP_SOLDER_MASK" shape="rectangle" width="47.244094488188" height="118.11023622047" />
    <padshape layer="TOP_SOLDER_PASTE" shape="rectangle" width="39.370078740157" height="110.23622047244" />
  </padstyle>
  <footprint name="KSC253JSPDELTALFG" originx="0" originy="0" pickpointx="0" pickpointy="0">
    <pcbpin number="1" name="1" style="r280_100" originx="-114.17322834646" originy="78.740157480314" rotation="90" />
    <pcbpin number="2" name="2" style="r280_100" originx="114.17322834646" originy="78.740157480314" rotation="90" />
    <pcbpin number="3" name="3" style="r280_100" originx="-114.17322834646" originy="-78.740157480314" rotation="90" />
    <pcbpin number="4" name="4" style="r280_100" originx="114.17322834646" originy="-78.740157480314" rotation="90" />
    <line layer="TOP_ASSEMBLY" originx="-122.04724409449" originy="122.04724409449" endx="122.04724409449" endy="122.04724409449" width="3.9370078740157" />
    <line layer="TOP_ASSEMBLY" originx="122.04724409449" originy="122.04724409449" endx="122.04724409449" endy="-122.04724409449" width="3.9370078740157" />
    <line layer="TOP_ASSEMBLY" originx="122.04724409449" originy="-122.04724409449" endx="-122.04724409449" endy="-122.04724409449" width="3.9370078740157" />
    <line layer="TOP_ASSEMBLY" originx="-122.04724409449" originy="-122.04724409449" endx="-122.04724409449" endy="122.04724409449" width="3.9370078740157" />
    <line layer="TOP_PLACE_BOUND" originx="-208.66141732283" originy="161.41732283464" endx="208.66141732283" endy="161.41732283464" width="3.9370078740157" />
    <line layer="TOP_PLACE_BOUND" originx="208.66141732283" originy="161.41732283464" endx="208.66141732283" endy="-161.41732283464" width="3.9370078740157" />
    <line layer="TOP_PLACE_BOUND" originx="208.66141732283" originy="-161.41732283464" endx="-208.66141732283" endy="-161.41732283464" width="3.9370078740157" />
    <line layer="TOP_PLACE_BOUND" originx="-208.66141732283" originy="-161.41732283464" endx="-208.66141732283" endy="161.41732283464" width="3.9370078740157" />
    <line layer="TOP_SILKSCREEN" originx="-188.97637795275" originy="82.67716535433" endx="-188.97637795275" endy="82.67716535433" width="3.9370078740157" />
    <arc layer="TOP_SILKSCREEN" originx="-188.97637795275" originy="80.708661417322" startangle="90.0" sweepangle="180.0" radius="1.9685039370079" width="3.9370078740157" />
    <line layer="TOP_SILKSCREEN" originx="-188.97637795275" originy="78.740157480314" endx="-188.97637795275" endy="78.740157480314" width="3.9370078740157" />
    <arc layer="TOP_SILKSCREEN" originx="-188.97637795275" originy="80.708661417322" startangle="-90.0" sweepangle="180.0" radius="1.9685039370079" width="3.9370078740157" />
    <line layer="TOP_SILKSCREEN" originx="-122.04724409449" originy="47.244094488188" endx="-122.04724409449" endy="-47.244094488188" width="7.8740157480314" />
    <line layer="TOP_SILKSCREEN" originx="122.04724409449" originy="47.244094488188" endx="122.04724409449" endy="-47.244094488188" width="7.8740157480314" />
    <line layer="TOP_SILKSCREEN" originx="-122.04724409449" originy="110.23622047244" endx="-122.04724409449" endy="122.04724409449" width="7.8740157480314" />
    <line layer="TOP_SILKSCREEN" originx="-122.04724409449" originy="122.04724409449" endx="122.04724409449" endy="122.04724409449" width="7.8740157480314" />
    <line layer="TOP_SILKSCREEN" originx="122.04724409449" originy="122.04724409449" endx="122.04724409449" endy="110.23622047244" width="7.8740157480314" />
    <line layer="TOP_SILKSCREEN" originx="122.04724409449" originy="-110.23622047244" endx="122.04724409449" endy="-122.04724409449" width="7.8740157480314" />
    <line layer="TOP_SILKSCREEN" originx="122.04724409449" originy="-122.04724409449" endx="-122.04724409449" endy="-122.04724409449" width="7.8740157480314" />
    <line layer="TOP_SILKSCREEN" originx="-122.04724409449" originy="-122.04724409449" endx="-122.04724409449" endy="-110.23622047244" width="7.8740157480314" />
  </footprint>
  <symbol name="KSC253J_SP_DELTA_LFG" originx="0" originy="0">
    <line originx="200" originy="100" endx="900" endy="100" width="0" />
    <line originx="900" originy="-200" endx="900" endy="100" width="0" />
    <line originx="900" originy="-200" endx="200" endy="-200" width="0" />
    <line originx="200" originy="100" endx="200" endy="-200" width="0" />
    <sympin number="1" originx="200" originy="0" rotation="180" length="100" width="7.8740157480315" flipped="False">
      <text name="pinname" originx="230" originy="0" style="Default" rotation="0" justify="left" flipped="False" hidden="False" data="NO1" />
      <text name="pindes" originx="140" originy="20" style="Default" rotation="0" justify="lowerright" flipped="False" hidden="False" data="1" />
    </sympin>
    <sympin number="2" originx="900" originy="0" rotation="0" length="100" width="7.8740157480315" flipped="False">
      <text name="pinname" originx="870" originy="0" style="Default" rotation="0" justify="right" flipped="False" hidden="False" data="NO2" />
      <text name="pindes" originx="960" originy="20" style="Default" rotation="0" justify="lowerleft" flipped="False" hidden="False" data="2" />
    </sympin>
    <sympin number="3" originx="200" originy="-100" rotation="180" length="100" width="7.8740157480315" flipped="False">
      <text name="pinname" originx="230" originy="-100" style="Default" rotation="0" justify="left" flipped="False" hidden="False" data="COM1" />
      <text name="pindes" originx="140" originy="-80" style="Default" rotation="0" justify="lowerright" flipped="False" hidden="False" data="3" />
    </sympin>
    <sympin number="4" originx="900" originy="-100" rotation="0" length="100" width="7.8740157480315" flipped="False">
      <text name="pinname" originx="870" originy="-100" style="Default" rotation="0" justify="right" flipped="False" hidden="False" data="COM2" />
      <text name="pindes" originx="960" originy="-80" style="Default" rotation="0" justify="lowerleft" flipped="False" hidden="False" data="4" />
    </sympin>
  </symbol>
  <component name="KSC253J_SP_DELTA_LFG" designatorprefix="S" height="137.79527559055" footprint="KSC253JSPDELTALFG">
    <comppin designator="1" sympin="1" pinswap="0" gateswap="0" gate="1" group="1" side="" type="Any" name="NO1" />
    <comppin designator="2" sympin="2" pinswap="0" gateswap="0" gate="1" group="1" side="" type="Any" name="NO2" />
    <comppin designator="3" sympin="3" pinswap="0" gateswap="0" gate="1" group="1" side="" type="Any" name="COM1" />
    <comppin designator="4" sympin="4" pinswap="0" gateswap="0" gate="1" group="1" side="" type="Any" name="COM2" />
    <attached_symbol gate="1" name="KSC253J_SP_DELTA_LFG" />
    <pinmap designator="1" footprintpin="1" />
    <pinmap designator="2" footprintpin="2" />
    <pinmap designator="3" footprintpin="3" />
    <pinmap designator="4" footprintpin="4" />
    <text name="Datasheet" originx="0" originy="0" style="Default" rotation="0" justify="" flipped="False" hidden="True" data="https://www.ckswitches.com/media/1459/ksc.pdf" />
    <text name="Description" originx="0" originy="0" style="Default" rotation="0" justify="" flipped="False" hidden="True" data="Tactile Switches 6.2 x 6.2mm, 3.mm height soft actuator, 5.5N, gold contact material" />
    <text name="Mouser Part Number" originx="0" originy="0" style="Default" rotation="0" justify="" flipped="False" hidden="True" data="611-KSC253JSPDELTALF" />
    <text name="Mouser Price/Stock" originx="0" originy="0" style="Default" rotation="0" justify="" flipped="False" hidden="True" data="https://www.mouser.co.uk/ProductDetail/CK/KSC253J-SP-DELTA-LFG?qs=i8QVZAFTkqRm%252BD28PDm3qw%3D%3D" />
    <text name="Manufacturer_Name" originx="0" originy="0" style="Default" rotation="0" justify="" flipped="False" hidden="True" data="C &amp; K COMPONENTS" />
    <text name="Manufacturer_Part_Number" originx="950" originy="200" style="Default" rotation="0" justify="left" flipped="False" hidden="False" data="KSC253J SP DELTA LFG" />
  </component>
</quadcept_library>
